Reference_temperature	Measured_value	Reference_temperature	stdev_meas_val	stdev_ref_temp	slope_meas_val	slope_ref_temp
(79, 81]	2890.0	79.7935	2.92332613149	0.00268645051037	0.0267857142857	5.00000000008e-05
(99, 101]	3959.0	99.788	3.48779667992	0.00313154079226	0.00153061224493	-2.55102040763e-06
(119, 121]	5080.4	119.706866667	3.05042971917	0.00295725096736	0.00904761904763	2.9285714286e-05
(139, 141]	6232.64285714	139.585428571	3.20434577103	0.00383336184679	0.00204081632659	-1.4030612245e-05
(159, 161]	7418.57142857	159.547	2.95498236662	0.00577659321204	0.0244897959184	5.10204084381e-07
(161, 179]	8031.0	169.671	3.86313468128	0.00819814079699	0.0357142857143	-4.64285714253e-05
(179, 181]	8635.54545455	179.468272727	2.74910011311	0.00471991108543	0.00746753246765	7.11038961038e-05
